{
  "@type" : "TEMPLATE",
  "uid" : "3d268aac-eeb5-4f95-b1a8-1d4dec5d0ae7",
  "description" : {
    "@type" : "RESOURCE_DESCRIPTION",
    "originalAuthor" : {
      "date" : "2025-04-08"
    },
    "otherContributors" : [ ],
    "lifecycleState" : {
      "codeString" : "unmanaged"
    },
    "ipAcknowledgements" : { },
    "references" : { },
    "conversionDetails" : { },
    "otherDetails" : {
      "licence" : "This work is licensed under the Creative Commons Attribution-ShareAlike 4.0 International License. To view a copy of this license, visit http://creativecommons.org/licenses/by-sa/4.0/.",
      "custodian_organisation" : "openEHR Foundation",
      "original_namespace" : "org.openehr",
      "original_publisher" : "openEHR Foundation",
      "custodian_namespace" : "org.openehr",
      "MD5-CAM-1.0.1" : "3f6a29a794d17e211bc5f71735b2924d",
      "PARENT:MD5-CAM-1.0.1" : "8F5F414D89192FFF36DB35A41CBCB740"
    },
    "details" : {
      "de" : {
        "@type" : "RESOURCE_DESCRIPTION_ITEM",
        "language" : {
          "terminologyId" : {
            "value" : "ISO_639-1"
          },
          "codeString" : "de"
        },
        "keywords" : [ ],
        "originalResourceUri" : { },
        "otherDetails" : { }
      },
      "nb" : {
        "@type" : "RESOURCE_DESCRIPTION_ITEM",
        "language" : {
          "terminologyId" : {
            "value" : "ISO_639-1"
          },
          "codeString" : "nb"
        },
        "keywords" : [ ],
        "originalResourceUri" : { },
        "otherDetails" : { }
      },
      "pt-br" : {
        "@type" : "RESOURCE_DESCRIPTION_ITEM",
        "language" : {
          "terminologyId" : {
            "value" : "ISO_639-1"
          },
          "codeString" : "pt-br"
        },
        "keywords" : [ ],
        "originalResourceUri" : { },
        "otherDetails" : { }
      },
      "en" : {
        "@type" : "RESOURCE_DESCRIPTION_ITEM",
        "language" : {
          "terminologyId" : {
            "value" : "ISO_639-1"
          },
          "codeString" : "en"
        },
        "keywords" : [ ],
        "originalResourceUri" : { },
        "otherDetails" : { }
      },
      "es" : {
        "@type" : "RESOURCE_DESCRIPTION_ITEM",
        "language" : {
          "terminologyId" : {
            "value" : "ISO_639-1"
          },
          "codeString" : "es"
        },
        "keywords" : [ ],
        "originalResourceUri" : { },
        "otherDetails" : { }
      }
    }
  },
  "parentArchetypeId" : "openEHR-EHR-EVALUATION.reason_for_encounter.v1",
  "differential" : false,
  "archetypeId" : {
    "@type" : "ARCHETYPE_HRID",
    "value" : "openEHR-EHR-EVALUATION.reasonfor_encounter.v1"
  },
  "definition" : {
    "@type" : "C_COMPLEX_OBJECT",
    "rmTypeName" : "EVALUATION",
    "occurrences" : "1..1",
    "nodeId" : "at0000.1",
    "attributes" : [ {
      "@type" : "C_ATTRIBUTE",
      "rmAttributeName" : "data",
      "existence" : "1..1",
      "children" : [ {
        "@type" : "C_COMPLEX_OBJECT",
        "rmTypeName" : "ITEM_TREE",
        "occurrences" : "1..1",
        "nodeId" : "at0001",
        "attributes" : [ {
          "@type" : "C_ATTRIBUTE",
          "rmAttributeName" : "items",
          "existence" : "0..1",
          "cardinality" : {
            "@type" : "CARDINALITY",
            "interval" : "0..*",
            "ordered" : false,
            "unique" : false
          },
          "children" : [ {
            "@type" : "C_COMPLEX_OBJECT",
            "rmTypeName" : "ELEMENT",
            "occurrences" : "0..0",
            "nodeId" : "at0002.1",
            "attributes" : [ {
              "@type" : "C_ATTRIBUTE",
              "rmAttributeName" : "value",
              "existence" : "0..1",
              "children" : [ {
                "@type" : "C_COMPLEX_OBJECT",
                "rmTypeName" : "DV_TEXT",
                "occurrences" : "1..1",
                "attributes" : [ ],
                "attributeTuples" : [ ]
              } ]
            } ],
            "attributeTuples" : [ ]
          }, {
            "@type" : "C_COMPLEX_OBJECT",
            "rmTypeName" : "ELEMENT",
            "occurrences" : "0..1",
            "nodeId" : "at0004.1",
            "attributes" : [ {
              "@type" : "C_ATTRIBUTE",
              "rmAttributeName" : "value",
              "existence" : "0..1",
              "children" : [ {
                "@type" : "C_COMPLEX_OBJECT",
                "rmTypeName" : "DV_CODED_TEXT",
                "occurrences" : "1..1",
                "attributes" : [ {
                  "@type" : "C_ATTRIBUTE",
                  "rmAttributeName" : "defining_code",
                  "children" : [ {
                    "@type" : "C_TERMINOLOGY_CODE",
                    "rmTypeName" : "TERMINOLOGY_CODE",
                    "occurrences" : "0..1",
                    "terminologyId" : {
                      "value" : "no.onk.henvisningsaarsak"
                    },
                    "constraint" : [ ],
                    "selectedTerminologies" : [ "no.onk.henvisningsaarsak" ],
                    "includedExternalTerminologyCodes" : [ {
                      "terminologyId" : "no.onk.henvisningsaarsak",
                      "code" : "1",
                      "value" : "Screening"
                    }, {
                      "terminologyId" : "no.onk.henvisningsaarsak",
                      "code" : "2",
                      "value" : "Symptomer"
                    }, {
                      "terminologyId" : "no.onk.henvisningsaarsak",
                      "code" : "3",
                      "value" : "Tilfeldig funn"
                    }, {
                      "terminologyId" : "no.onk.henvisningsaarsak",
                      "code" : "4",
                      "value" : "Kontroll"
                    } ]
                  } ]
                } ],
                "attributeTuples" : [ ]
              } ]
            } ],
            "attributeTuples" : [ ]
          } ]
        } ],
        "attributeTuples" : [ ]
      } ]
    } ],
    "attributeTuples" : [ ]
  },
  "terminology" : {
    "@type" : "ARCHETYPE_TERMINOLOGY",
    "conceptCode" : "at0000",
    "termDefinitions" : {
      "en" : {
        "at0000" : {
          "@type" : "ARCHETYPE_TERM",
          "code" : "at0000",
          "text" : "Reason for encounter",
          "description" : "The reason for initiation of any healthcare encounter or contact by the individual who is the subject of care."
        },
        "at0001" : {
          "@type" : "ARCHETYPE_TERM",
          "code" : "at0001",
          "text" : "Tree",
          "description" : "@ internal @"
        },
        "at0002" : {
          "@type" : "ARCHETYPE_TERM",
          "code" : "at0002",
          "text" : "Contact type",
          "description" : "Identification of the type, or administrative category, of healthcare sought or required by the subject of care.",
          "comment" : "Coding of the 'Contact type' with a terminology is desirable, where possible. Examples include: pre-employment medical, routine antenatal visit, women's health check, pre-operative assessment, or annual medical check-up.\r\n"
        },
        "at0004" : {
          "@type" : "ARCHETYPE_TERM",
          "code" : "at0004",
          "text" : "Presenting problem",
          "description" : "Identification of the clinical or social problem motivating the subject of care to seeking healthcare.",
          "comment" : "Coding of the 'Presenting problem' with a terminology is desirable, where possible. Clinical or social reasons for seeking healthcare can include health issues, symptoms or physical signs. Examples: health issues - desire to quit smoking, domestic violence; symptoms - abdominal pain, shortness of breath; physical signs - an altered conscious state. 'Chief complaint' may be used as a valid synonym for 'Presenting problem' in templates.\r\n "
        },
        "at0002.1" : {
          "@type" : "ARCHETYPE_TERM",
          "code" : "at0002",
          "text" : "Contact type",
          "description" : "Identification of the type, or administrative category, of healthcare sought or required by the subject of care.",
          "comment" : "Coding of the 'Contact type' with a terminology is desirable, where possible. Examples include: pre-employment medical, routine antenatal visit, women's health check, pre-operative assessment, or annual medical check-up.\r\n"
        },
        "at0004.1" : {
          "@type" : "ARCHETYPE_TERM",
          "code" : "at0004",
          "text" : "Presenting problem",
          "description" : "Identification of the clinical or social problem motivating the subject of care to seeking healthcare.",
          "comment" : "Coding of the 'Presenting problem' with a terminology is desirable, where possible. Clinical or social reasons for seeking healthcare can include health issues, symptoms or physical signs. Examples: health issues - desire to quit smoking, domestic violence; symptoms - abdominal pain, shortness of breath; physical signs - an altered conscious state. 'Chief complaint' may be used as a valid synonym for 'Presenting problem' in templates.\r\n "
        },
        "at0000.1" : {
          "@type" : "ARCHETYPE_TERM",
          "code" : "at0000",
          "text" : "Reason for encounter",
          "description" : "The reason for initiation of any healthcare encounter or contact by the individual who is the subject of care."
        }
      },
      "pt-br" : {
        "at0000" : {
          "@type" : "ARCHETYPE_TERM",
          "code" : "at0000",
          "text" : "Motivo para o encontro",
          "description" : "O motivo de início de qualquer encontro em saúde ou contato pelo indivíduo que é sujeito do cuidado."
        },
        "at0001" : {
          "@type" : "ARCHETYPE_TERM",
          "code" : "at0001",
          "text" : "*Tree(en)",
          "description" : "*@ internal @"
        },
        "at0002" : {
          "@type" : "ARCHETYPE_TERM",
          "code" : "at0002",
          "text" : "Tipo de contato",
          "description" : "Identificação do tipo, ou categoria administrativa, ou cuidado em saúde procurado ou exigido pelo sujeito do cuidado.",
          "comment" : "Codificação do \"tipo de contato\" com uma terminologia é desejável, quando possível. Exemplos incluem: Exame pré-admissional, visita pré-natal de rotina, saúde da mulher, risco cirúrgico, ou avaliação médica anual."
        },
        "at0004" : {
          "@type" : "ARCHETYPE_TERM",
          "code" : "at0004",
          "text" : "Problema apresentado",
          "description" : "Identificação do problema clínico ou social que motiva o sujeito do cuidado a procurar cuidado em saúde.",
          "comment" : "\r\nCodificação do \"Problema apresentado\" com uma terminologia é desejável, quando possível. Razões clínicas ou sociais na busca de cuidado em saúde podem incluir problemas de saúde, sintomas ou sinais físicos. Exemplos: problemas de saúde - desejo de parar de fumar, violência doméstica; sintomas - dor abdominal, falta de ar; sinais físicos - um estado de consciência alterado. \"Queixa principal\" pode ser usada como um sinônimo válido para \"Problema apresentado\" nos modelos."
        },
        "at0002.1" : {
          "@type" : "ARCHETYPE_TERM",
          "code" : "at0002",
          "text" : "Tipo de contato",
          "description" : "Identificação do tipo, ou categoria administrativa, ou cuidado em saúde procurado ou exigido pelo sujeito do cuidado.",
          "comment" : "Codificação do \"tipo de contato\" com uma terminologia é desejável, quando possível. Exemplos incluem: Exame pré-admissional, visita pré-natal de rotina, saúde da mulher, risco cirúrgico, ou avaliação médica anual."
        },
        "at0004.1" : {
          "@type" : "ARCHETYPE_TERM",
          "code" : "at0004",
          "text" : "Problema apresentado",
          "description" : "Identificação do problema clínico ou social que motiva o sujeito do cuidado a procurar cuidado em saúde.",
          "comment" : "\r\nCodificação do \"Problema apresentado\" com uma terminologia é desejável, quando possível. Razões clínicas ou sociais na busca de cuidado em saúde podem incluir problemas de saúde, sintomas ou sinais físicos. Exemplos: problemas de saúde - desejo de parar de fumar, violência doméstica; sintomas - dor abdominal, falta de ar; sinais físicos - um estado de consciência alterado. \"Queixa principal\" pode ser usada como um sinônimo válido para \"Problema apresentado\" nos modelos."
        },
        "at0000.1" : {
          "@type" : "ARCHETYPE_TERM",
          "code" : "at0000",
          "text" : "Motivo para o encontro",
          "description" : "O motivo de início de qualquer encontro em saúde ou contato pelo indivíduo que é sujeito do cuidado."
        }
      },
      "es" : {
        "at0000" : {
          "@type" : "ARCHETYPE_TERM",
          "code" : "at0000",
          "text" : "Motivo de consulta",
          "description" : "Motivo del paciente por el cual se inició un encuentro clínico o contacto."
        },
        "at0001" : {
          "@type" : "ARCHETYPE_TERM",
          "code" : "at0001",
          "text" : "Tree",
          "description" : "@ internal @"
        },
        "at0002" : {
          "@type" : "ARCHETYPE_TERM",
          "code" : "at0002",
          "text" : "Tipo de contacto",
          "description" : "Identificación del tipo o categoría administrativa por la cuál el paciente busca asistencia médica.",
          "comment" : "Es deseable la codificación del 'Tipo de contacto' mediante una terminología. Algunos ejemplos incluyen: control previo al empleo, visita prenatal de rutina, control de salud femenino, evaluación preoperatoria, o control médico anual."
        },
        "at0004" : {
          "@type" : "ARCHETYPE_TERM",
          "code" : "at0004",
          "text" : "Problema presentado",
          "description" : "Problema o síntoma reportado por el paciente, que da inicio a la consulta médica",
          "comment" : "Es desable la codificación del 'Problema presentado' mediante una terminología. Motivos clínicos o sociales para buscar atención médica pueden incluir estos problemas, síntomas o signos físicos: deseo de dejar de fumar, violencia doméstica, dolor abdominal, problemas al respirar, alteración del estado de conciencia. En una plantilla, 'Problema principal' puede usarse como sinónimo al 'Problema presentado'."
        },
        "at0002.1" : {
          "@type" : "ARCHETYPE_TERM",
          "code" : "at0002",
          "text" : "Tipo de contacto",
          "description" : "Identificación del tipo o categoría administrativa por la cuál el paciente busca asistencia médica.",
          "comment" : "Es deseable la codificación del 'Tipo de contacto' mediante una terminología. Algunos ejemplos incluyen: control previo al empleo, visita prenatal de rutina, control de salud femenino, evaluación preoperatoria, o control médico anual."
        },
        "at0004.1" : {
          "@type" : "ARCHETYPE_TERM",
          "code" : "at0004",
          "text" : "Problema presentado",
          "description" : "Problema o síntoma reportado por el paciente, que da inicio a la consulta médica",
          "comment" : "Es desable la codificación del 'Problema presentado' mediante una terminología. Motivos clínicos o sociales para buscar atención médica pueden incluir estos problemas, síntomas o signos físicos: deseo de dejar de fumar, violencia doméstica, dolor abdominal, problemas al respirar, alteración del estado de conciencia. En una plantilla, 'Problema principal' puede usarse como sinónimo al 'Problema presentado'."
        },
        "at0000.1" : {
          "@type" : "ARCHETYPE_TERM",
          "code" : "at0000",
          "text" : "Motivo de consulta",
          "description" : "Motivo del paciente por el cual se inició un encuentro clínico o contacto."
        }
      },
      "de" : {
        "at0000" : {
          "@type" : "ARCHETYPE_TERM",
          "code" : "at0000",
          "text" : "Grund für den Kontakt",
          "description" : "Der Grund für die Initiierung eines Arztbesuchs durch den Patienten."
        },
        "at0001" : {
          "@type" : "ARCHETYPE_TERM",
          "code" : "at0001",
          "text" : "Tree",
          "description" : "@ internal @"
        },
        "at0002" : {
          "@type" : "ARCHETYPE_TERM",
          "code" : "at0002",
          "text" : "Kontakt Typ",
          "description" : "Identifizierung des Typs oder der Verwaltungskategorie des Gesundheitswesens, der von dem Pflegebedürftigen gesucht oder benötigt wird.",
          "comment" : "Die Kodierung des \"Kontakttyps\" sollte, wenn möglich, mit einer Terminologie erfolgen. Beispiele hierfür sind: vorbereitende Untersuchungen, routinemäßiger vorgeburtlicher Vorsorgetermin, Gesundheitscheck für Frauen."
        },
        "at0004" : {
          "@type" : "ARCHETYPE_TERM",
          "code" : "at0004",
          "text" : "Hauptbeschwerde",
          "description" : "Identifikation des klinischen oder sozialen Problems, welches den Patienten motiviert die medizinische Versorgung aufzusuchen.",
          "comment" : "Die Kodierung der \"Problemdarstellung\" sollte, wenn möglich, mit einer Terminologie erfolgen. Klinische oder soziale Gründe für das Aufsuchen der Gesundheitsversorgung können u.a. Gesundheitsprobleme, Symptome oder andere körperliche Anzeichen sein. \r\nBeispiele: Gesundheitsfragen - Wunsch, mit dem Rauchen aufzuhören, häusliche Gewalt; Symptome - Bauchschmerzen, Kurzatmigkeit; körperliche Zeichen - ein veränderter Bewusstseinszustand. \"Hauptbeschwerde\" kann als gültiges Synonym für \"Problemdarstellung\" in den Vorlagen verwendet werden."
        },
        "at0002.1" : {
          "@type" : "ARCHETYPE_TERM",
          "code" : "at0002",
          "text" : "Kontakt Typ",
          "description" : "Identifizierung des Typs oder der Verwaltungskategorie des Gesundheitswesens, der von dem Pflegebedürftigen gesucht oder benötigt wird.",
          "comment" : "Die Kodierung des \"Kontakttyps\" sollte, wenn möglich, mit einer Terminologie erfolgen. Beispiele hierfür sind: vorbereitende Untersuchungen, routinemäßiger vorgeburtlicher Vorsorgetermin, Gesundheitscheck für Frauen."
        },
        "at0004.1" : {
          "@type" : "ARCHETYPE_TERM",
          "code" : "at0004",
          "text" : "Hauptbeschwerde",
          "description" : "Identifikation des klinischen oder sozialen Problems, welches den Patienten motiviert die medizinische Versorgung aufzusuchen.",
          "comment" : "Die Kodierung der \"Problemdarstellung\" sollte, wenn möglich, mit einer Terminologie erfolgen. Klinische oder soziale Gründe für das Aufsuchen der Gesundheitsversorgung können u.a. Gesundheitsprobleme, Symptome oder andere körperliche Anzeichen sein. \r\nBeispiele: Gesundheitsfragen - Wunsch, mit dem Rauchen aufzuhören, häusliche Gewalt; Symptome - Bauchschmerzen, Kurzatmigkeit; körperliche Zeichen - ein veränderter Bewusstseinszustand. \"Hauptbeschwerde\" kann als gültiges Synonym für \"Problemdarstellung\" in den Vorlagen verwendet werden."
        },
        "at0000.1" : {
          "@type" : "ARCHETYPE_TERM",
          "code" : "at0000",
          "text" : "Grund für den Kontakt",
          "description" : "Der Grund für die Initiierung eines Arztbesuchs durch den Patienten."
        }
      },
      "nb" : {
        "at0004.1" : {
          "@type" : "ARCHETYPE_TERM",
          "code" : "at0004.1",
          "text" : "Henvisningsårsak",
          "description" : "Grunnen til at pasienten blir utredet."
        },
        "at0000.1" : {
          "@type" : "ARCHETYPE_TERM",
          "code" : "at0000.1",
          "text" : "Henvisningsårsak",
          "description" : "For å registrere årsaken til kontakt mellom helsepersonell og individet."
        },
        "at0000" : {
          "@type" : "ARCHETYPE_TERM",
          "code" : "at0000",
          "text" : "Kontaktårsak",
          "description" : "For å registrere årsaken til kontakt mellom helsepersonell og individet."
        },
        "at0001" : {
          "@type" : "ARCHETYPE_TERM",
          "code" : "at0001",
          "text" : "Tree",
          "description" : "@ internal @"
        },
        "at0002" : {
          "@type" : "ARCHETYPE_TERM",
          "code" : "at0002",
          "text" : "Administrativ kontaktårsak",
          "description" : "Type eller administrativ kategori av helsetjenester som er årsak til at individet oppsøker eller behøver helsetjenester.",
          "comment" : "Koding av \"kontaktårsak\" med en terminologi foretrekkes når mulig. Eksempler: Helsesjekk før ansettelse, svangerskapskontroll, gynekologisk undersøkelse, preoperativ undersøkelse eller årlig medisinsk kontroll."
        },
        "at0004" : {
          "@type" : "ARCHETYPE_TERM",
          "code" : "at0004",
          "text" : "Klinisk kontaktårsak",
          "description" : "Klinisk eller sosial årsak til at individet oppsøker helsevesenet.",
          "comment" : "Koding av \"Klinisk problemstilling\" med en terminologi foretrekkes når mulig. Kliniske årsaker kan omfatte helseproblemer, symptomer, eller fysiske sykdomstegn. Eksempler: Helseproblemer - ønske om å slutte å røyke eller vold i hjemmet, symptomer - magesmerter eller kortpusthet, fysiske sykdomstegn - endret bevissthetsnivå. \"Hovedproblemstilling\" kan bli benyttet som et synonym for \"Klinisk kontaktårsak\" i templater."
        },
        "at0002.1" : {
          "@type" : "ARCHETYPE_TERM",
          "code" : "at0002",
          "text" : "Administrativ kontaktårsak",
          "description" : "Type eller administrativ kategori av helsetjenester som er årsak til at individet oppsøker eller behøver helsetjenester.",
          "comment" : "Koding av \"kontaktårsak\" med en terminologi foretrekkes når mulig. Eksempler: Helsesjekk før ansettelse, svangerskapskontroll, gynekologisk undersøkelse, preoperativ undersøkelse eller årlig medisinsk kontroll."
        }
      }
    },
    "termBindings" : { },
    "terminologyExtracts" : { },
    "valueSets" : { }
  },
  "adlVersion" : "1.4",
  "buildUid" : "e4a492a7-fb31-3f4e-9327-60d13f03704a",
  "rmName" : "openehr",
  "rmRelease" : "1.1.0",
  "generated" : true,
  "templateId" : "Henvisningsaarsak_bryst_QA",
  "otherMetaData" : { },
  "templateOverlays" : [ ],
  "originalLanguage" : {
    "terminologyId" : {
      "value" : "ISO_639-1"
    },
    "codeString" : "en"
  },
  "translations" : [ {
    "@type" : "TRANSLATION_DETAILS",
    "language" : {
      "terminologyId" : {
        "value" : "ISO_639-1"
      },
      "codeString" : "de"
    },
    "author" : { },
    "otherDetails" : { }
  }, {
    "@type" : "TRANSLATION_DETAILS",
    "language" : {
      "terminologyId" : {
        "value" : "ISO_639-1"
      },
      "codeString" : "nb"
    },
    "author" : { },
    "otherDetails" : { }
  }, {
    "@type" : "TRANSLATION_DETAILS",
    "language" : {
      "terminologyId" : {
        "value" : "ISO_639-1"
      },
      "codeString" : "pt-br"
    },
    "author" : { },
    "otherDetails" : { }
  }, {
    "@type" : "TRANSLATION_DETAILS",
    "language" : {
      "terminologyId" : {
        "value" : "ISO_639-1"
      },
      "codeString" : "es"
    },
    "author" : { },
    "otherDetails" : { }
  } ]
}